TrdExctnQrDt,SizeCategory,TransactionCosts
2002-07-01,Block,11.583260311797709
2002-07-01,Odd Lot,51.98903626809135
2002-07-01,Retail,219.0298158933037
2002-07-01,Round Lot,32.52758974378844
2002-10-01,Block,5.913381283894899
2002-10-01,Odd Lot,50.515251479670916
2002-10-01,Retail,216.31714763893928
2002-10-01,Round Lot,21.444528412504056
2003-01-01,Block,5.878378501200441
2003-01-01,Odd Lot,46.58489664426478
2003-01-01,Retail,189.9772150986239
2003-01-01,Round Lot,18.04656679271373
2003-04-01,Block,11.288303164358036
2003-04-01,Odd Lot,32.82827745153793
2003-04-01,Retail,145.18176721522244
2003-04-01,Round Lot,15.70061964952021
2003-07-01,Block,8.60215362477494
2003-07-01,Odd Lot,34.26887462500626
2003-07-01,Retail,157.41532396000318
2003-07-01,Round Lot,16.04408643796428
2003-10-01,Block,6.301047058133832
2003-10-01,Odd Lot,24.857231766080112
2003-10-01,Retail,115.46425451162767
2003-10-01,Round Lot,10.233705408276428
2004-01-01,Block,4.7232326444133035
2004-01-01,Odd Lot,26.302542299304598
2004-01-01,Retail,108.07673655507745
2004-01-01,Round Lot,10.80722070535028
2004-04-01,Block,8.646508450538418
2004-04-01,Odd Lot,23.929277979173513
2004-04-01,Retail,117.65243371190736
2004-04-01,Round Lot,9.285710785927826
2004-07-01,Block,6.33554592462493
2004-07-01,Odd Lot,25.12939662364249
2004-07-01,Retail,129.9465801121065
2004-07-01,Round Lot,7.534158809997304
2004-10-01,Block,3.58383256775034
2004-10-01,Odd Lot,23.26741250847817
2004-10-01,Retail,110.10363673991583
2004-10-01,Round Lot,10.642253411563413
2005-01-01,Block,2.1451974374532754
2005-01-01,Odd Lot,27.075737525034008
2005-01-01,Retail,116.35015712400202
2005-01-01,Round Lot,11.778222385042778
2005-04-01,Block,7.287216160729149
2005-04-01,Odd Lot,30.001517594422715
2005-04-01,Retail,120.38203998226913
2005-04-01,Round Lot,8.490001481478627
2005-07-01,Block,0.825635232939885
2005-07-01,Odd Lot,23.298176156489742
2005-07-01,Retail,74.87806664772339
2005-07-01,Round Lot,9.378829405067771
2005-10-01,Block,12.20876016566266
2005-10-01,Odd Lot,9.155472601094617
2005-10-01,Retail,30.549278599400527
2005-10-01,Round Lot,17.77392698862101
2006-01-01,Block,7.6508867110850245
2006-01-01,Odd Lot,20.180703198338218
2006-01-01,Retail,62.33269188582074
2006-01-01,Round Lot,12.583751608493573
2006-04-01,Block,2.686829700586765
2006-04-01,Odd Lot,20.78921885587062
2006-04-01,Retail,62.06572808705625
2006-04-01,Round Lot,8.702641672145292
2006-07-01,Block,7.013538712094123
2006-07-01,Odd Lot,24.2841687194249
2006-07-01,Retail,72.82560216421848
2006-07-01,Round Lot,9.511370149748524
2006-10-01,Block,4.276066982768764
2006-10-01,Odd Lot,22.787539554030328
2006-10-01,Retail,64.29102310037003
2006-10-01,Round Lot,9.795412127572536
2007-01-01,Block,4.611618481777426
2007-01-01,Odd Lot,22.934856799991785
2007-01-01,Retail,72.94912571819125
2007-01-01,Round Lot,8.04121036645359
2007-04-01,Block,4.567852976908003
2007-04-01,Odd Lot,23.651382125949283
2007-04-01,Retail,78.19467085264925
2007-04-01,Round Lot,10.30037020142451
2007-07-01,Block,13.10933168024398
2007-07-01,Odd Lot,38.066583112199616
2007-07-01,Retail,93.30569927092374
2007-07-01,Round Lot,16.085243141961485
2007-10-01,Block,11.383929880198552
2007-10-01,Odd Lot,38.79139309972127
2007-10-01,Retail,91.16931555101891
2007-10-01,Round Lot,15.61038858819278
2008-01-01,Block,12.671190686210839
2008-01-01,Odd Lot,52.43661834732811
2008-01-01,Retail,147.2454386501801
2008-01-01,Round Lot,20.217855919579925
2008-04-01,Block,11.312093773601637
2008-04-01,Odd Lot,46.761016364672315
2008-04-01,Retail,119.13543906254257
2008-04-01,Round Lot,15.55980939346835
2008-07-01,Block,-8.543146918561096
2008-07-01,Odd Lot,11.507298513924196
2008-07-01,Retail,111.93911468180539
2008-07-01,Round Lot,20.48159598131066
2008-10-01,Block,41.654357499877094
2008-10-01,Odd Lot,92.04209390119976
2008-10-01,Retail,191.72748835131236
2008-10-01,Round Lot,37.37497074789983
2009-01-01,Block,24.278717035176744
2009-01-01,Odd Lot,81.10185101260117
2009-01-01,Retail,187.4839584121737
2009-01-01,Round Lot,32.47420764034401
2009-04-01,Block,13.051339269431418
2009-04-01,Odd Lot,70.35338666056239
2009-04-01,Retail,173.76435646055555
2009-04-01,Round Lot,26.537416140154697
2009-07-01,Block,14.689838122544584
2009-07-01,Odd Lot,32.91259330290618
2009-07-01,Retail,97.4367425862083
2009-07-01,Round Lot,25.45793609306524
2009-10-01,Block,12.433456243886146
2009-10-01,Odd Lot,33.26738618869049
2009-10-01,Retail,86.21587515994638
2009-10-01,Round Lot,17.05064077148062
2010-01-01,Block,10.458931844811856
2010-01-01,Odd Lot,34.141971951981965
2010-01-01,Retail,94.06095309118872
2010-01-01,Round Lot,16.227333020182936
2010-04-01,Block,9.870704757451463
2010-04-01,Odd Lot,34.65654661319206
2010-04-01,Retail,94.11893428734626
2010-04-01,Round Lot,13.971205741893998
2010-07-01,Block,9.682120665285987
2010-07-01,Odd Lot,30.55961651955608
2010-07-01,Retail,87.92801901960986
2010-07-01,Round Lot,11.838881044678631
2010-10-01,Block,11.069665777193055
2010-10-01,Odd Lot,25.468741963491624
2010-10-01,Retail,68.01973897549306
2010-10-01,Round Lot,11.758609047306471
2011-01-01,Block,5.999178144107674
2011-01-01,Odd Lot,21.78496825170932
2011-01-01,Retail,69.29673033533322
2011-01-01,Round Lot,9.715237946652097
2011-04-01,Block,7.993608705630128
2011-04-01,Odd Lot,23.13521286032282
2011-04-01,Retail,74.17886707907627
2011-04-01,Round Lot,9.402741009235863
2011-07-01,Block,11.563910116370273
2011-07-01,Odd Lot,30.18308453149881
2011-07-01,Retail,93.10133460695012
2011-07-01,Round Lot,13.05680299600069
2011-10-01,Block,11.102346469171236
2011-10-01,Odd Lot,37.143388751843716
2011-10-01,Retail,98.4758415234655
2011-10-01,Round Lot,16.811922738337373
2012-01-01,Block,10.839783224404048
2012-01-01,Odd Lot,31.052027220314482
2012-01-01,Retail,87.1714311621687
2012-01-01,Round Lot,11.689739003336367
2012-04-01,Block,11.42908924349652
2012-04-01,Odd Lot,30.008423882699425
2012-04-01,Retail,85.04404715509672
2012-04-01,Round Lot,13.179042706068111
2012-07-01,Block,9.787728345366967
2012-07-01,Odd Lot,29.474607460395436
2012-07-01,Retail,81.14716110722303
2012-07-01,Round Lot,13.784362235435411
2012-10-01,Block,10.078360812552773
2012-10-01,Odd Lot,25.642290884667766
2012-10-01,Retail,72.82673792598523
2012-10-01,Round Lot,12.102157664759712
2013-01-01,Block,9.754078179396787
2013-01-01,Odd Lot,25.12422171050423
2013-01-01,Retail,67.26309949799884
2013-01-01,Round Lot,11.9415500127195
2013-04-01,Block,11.408135861524306
2013-04-01,Odd Lot,22.722996639249896
2013-04-01,Retail,61.2626228820041
2013-04-01,Round Lot,11.475812905970137
2013-07-01,Block,10.433631745746215
2013-07-01,Odd Lot,20.61941392945617
2013-07-01,Retail,66.40475160847782
2013-07-01,Round Lot,10.83478587007634
2013-10-01,Block,7.858128413064563
2013-10-01,Odd Lot,19.720284486537246
2013-10-01,Retail,65.89609716855682
2013-10-01,Round Lot,10.175772365925182
2014-01-01,Block,7.602118039206163
2014-01-01,Odd Lot,20.69804766433127
2014-01-01,Retail,64.03912620666142
2014-01-01,Round Lot,9.712223074632778
2014-04-01,Block,6.642052126083999
2014-04-01,Odd Lot,18.721256842556304
2014-04-01,Retail,61.252301107028295
2014-04-01,Round Lot,8.552031047845832
2014-07-01,Block,6.317499340245271
2014-07-01,Odd Lot,19.55021272108365
2014-07-01,Retail,59.74205362691777
2014-07-01,Round Lot,8.538731358467317
2014-10-01,Block,8.198254491399638
2014-10-01,Odd Lot,21.01282085741708
2014-10-01,Retail,61.977939743756146
2014-10-01,Round Lot,11.17290795374984
2015-01-01,Block,7.607055311866511
2015-01-01,Odd Lot,19.697233590267032
2015-01-01,Retail,61.14251267880806
2015-01-01,Round Lot,9.104236760764142
2015-04-01,Block,8.797618683873726
2015-04-01,Odd Lot,19.917308158687128
2015-04-01,Retail,57.70047780730238
2015-04-01,Round Lot,10.217901771231189
2015-07-01,Block,8.912067447450909
2015-07-01,Odd Lot,20.934476024107404
2015-07-01,Retail,60.66404578379796
2015-07-01,Round Lot,11.908910351692574
2015-10-01,Block,10.665115905332854
2015-10-01,Odd Lot,25.26398201340594
2015-10-01,Retail,73.17900288412528
2015-10-01,Round Lot,13.551309756164256
2016-01-01,Block,14.05088706904136
2016-01-01,Odd Lot,30.27975641611031
2016-01-01,Retail,82.10038086513504
2016-01-01,Round Lot,15.82970357425968
2016-04-01,Block,11.02359447370051
2016-04-01,Odd Lot,25.281874049922024
2016-04-01,Retail,72.3771223920149
2016-04-01,Round Lot,14.121890477522934
2016-07-01,Block,9.799537832044864
2016-07-01,Odd Lot,24.150248869335208
2016-07-01,Retail,61.959691814267394
2016-07-01,Round Lot,11.673179999892772
2016-10-01,Block,6.917696958402036
2016-10-01,Odd Lot,20.795248648098564
2016-10-01,Retail,49.305423177098234
2016-10-01,Round Lot,12.211501481303053
2017-01-01,Block,7.804160831103853
2017-01-01,Odd Lot,20.0934126546098
2017-01-01,Retail,50.077834167658
2017-01-01,Round Lot,9.384850877844588
2017-04-01,Block,6.724875756013979
2017-04-01,Odd Lot,18.65414589944391
2017-04-01,Retail,46.11491056904617
2017-04-01,Round Lot,8.88995288119821
2017-07-01,Block,6.903142931211942
2017-07-01,Odd Lot,18.830609235992217
2017-07-01,Retail,44.33397849364115
2017-07-01,Round Lot,9.33281043590599
2017-10-01,Block,7.340074583068156
2017-10-01,Odd Lot,17.956049151225407
2017-10-01,Retail,43.39458589948706
2017-10-01,Round Lot,8.918775799786921
2018-01-01,Block,7.535939182291997
2018-01-01,Odd Lot,16.79738956654922
2018-01-01,Retail,40.196266776791326
2018-01-01,Round Lot,9.776132717681628
2018-04-01,Block,7.8386738922402905
2018-04-01,Odd Lot,15.679252214155904
2018-04-01,Retail,38.834484705137164
2018-04-01,Round Lot,9.142546917029101
2018-07-01,Block,7.407443543243338
2018-07-01,Odd Lot,14.825894890702656
2018-07-01,Retail,36.1623915936682
2018-07-01,Round Lot,8.437333484992477
2018-10-01,Block,9.067501681770382
2018-10-01,Odd Lot,13.635896387588403
2018-10-01,Retail,30.81812881181679
2018-10-01,Round Lot,11.40226501648843
2019-01-01,Block,7.394303151842736
2019-01-01,Odd Lot,16.267522193549777
2019-01-01,Retail,39.37760542815608
2019-01-01,Round Lot,9.650197189060972
2019-04-01,Block,8.578575065006223
2019-04-01,Odd Lot,15.987103040861971
2019-04-01,Retail,37.7118245607152
2019-04-01,Round Lot,9.26510103466709
2019-07-01,Block,9.188769855448921
2019-07-01,Odd Lot,15.8636272862636
2019-07-01,Retail,36.60071191920614
2019-07-01,Round Lot,9.153812750412364
2019-10-01,Block,8.36817759346767
2019-10-01,Odd Lot,14.931645143848872
2019-10-01,Retail,36.95533854504335
2019-10-01,Round Lot,9.63396524427631
2020-01-01,Block,18.956542350258758
2020-01-01,Odd Lot,17.767907311469084
2020-01-01,Retail,56.44359165168616
2020-01-01,Round Lot,20.99496368645623
2020-04-01,Block,16.624641856181427
2020-04-01,Odd Lot,22.414732646957027
2020-04-01,Retail,52.34770373629283
2020-04-01,Round Lot,16.428452912597397
2020-07-01,Block,12.358721432694804
2020-07-01,Odd Lot,15.87040632810981
2020-07-01,Retail,32.85251032216642
2020-07-01,Round Lot,12.447672721199398
2020-10-01,Block,11.728286461266721
2020-10-01,Odd Lot,15.06206090624678
2020-10-01,Retail,29.377354954161916
2020-10-01,Round Lot,11.786624316652931
2021-01-01,Block,9.300008320838439
2021-01-01,Odd Lot,14.034744810312878
2021-01-01,Retail,25.968412998077337
2021-01-01,Round Lot,9.857779517727055
2021-04-01,Block,7.982048660709892
2021-04-01,Odd Lot,12.40069427653028
2021-04-01,Retail,27.20980746655553
2021-04-01,Round Lot,7.802594750043165
2021-07-01,Block,8.387562094633052
2021-07-01,Odd Lot,11.601493489701001
2021-07-01,Retail,24.96894702500934
2021-07-01,Round Lot,7.821929297068316
2021-10-01,Block,9.343126566443257
2021-10-01,Odd Lot,11.571225972254553
2021-10-01,Retail,23.03603573527312
2021-10-01,Round Lot,8.820189078935107
2022-01-01,Block,10.700177359603945
2022-01-01,Odd Lot,13.492447704205235
2022-01-01,Retail,27.04798249045369
2022-01-01,Round Lot,9.921461866982764
2022-04-01,Block,11.584543692399658
2022-04-01,Odd Lot,16.13348288551681
2022-04-01,Retail,31.748131789509113
2022-04-01,Round Lot,11.799693576394375
2022-07-01,Block,11.622346525289531
2022-07-01,Odd Lot,16.655455866192096
2022-07-01,Retail,33.680407583751496
2022-07-01,Round Lot,10.489675031542136
2022-10-01,Block,10.109293464672321
2022-10-01,Odd Lot,16.237764865970544
2022-10-01,Retail,32.34844842103271
2022-10-01,Round Lot,9.458019078671237
2023-01-01,Block,8.953895008281345
2023-01-01,Odd Lot,15.339507522877426
2023-01-01,Retail,32.455280877242096
2023-01-01,Round Lot,9.344988146979437
2023-04-01,Block,8.476235991050146
2023-04-01,Odd Lot,14.615039674889893
2023-04-01,Retail,31.284516484479802
2023-04-01,Round Lot,8.677438791845015
2023-07-01,Block,7.41433824810702
2023-07-01,Odd Lot,13.664154380895091
2023-07-01,Retail,26.791237052240994
2023-07-01,Round Lot,7.545669733741771
2023-10-01,Block,7.821620843148508
2023-10-01,Odd Lot,12.594016995401807
2023-10-01,Retail,27.07202869702143
2023-10-01,Round Lot,8.135823061272347
